<?xml version="1.0" encoding="UTF-8"?>
<project-private xmlns="http://www.netbeans.org/ns/project-private/1">
    <editor-bookmarks xmlns="http://www.netbeans.org/ns/editor-bookmarks/2" lastBookmarkId="0"/>
    <open-files xmlns="http://www.netbeans.org/ns/projectui-open-files/2">
        <group>
            <file>file:/C:/Users/admin/OneDrive/Documents/NetBeansProjects/Aquamachine_client/web/deleteoffer.jsp</file>
            <file>file:/C:/Users/admin/OneDrive/Documents/NetBeansProjects/Aquamachine_client/web/searchProduct.jsp</file>
            <file>file:/C:/Users/admin/OneDrive/Documents/NetBeansProjects/Aquamachine_client/web/Offer.html</file>
            <file>file:/C:/Users/admin/OneDrive/Documents/NetBeansProjects/Aquamachine_client/web/deleteProduct.jsp</file>
            <file>file:/C:/Users/admin/OneDrive/Documents/NetBeansProjects/Aquamachine_client/web/Product.html</file>
            <file>file:/C:/Users/admin/OneDrive/Documents/NetBeansProjects/Aquamachine_client/web/index.html</file>
            <file>file:/C:/Users/admin/OneDrive/Documents/NetBeansProjects/Aquamachine_client/web/searchoffer.jsp</file>
            <file>file:/C:/Users/admin/OneDrive/Documents/NetBeansProjects/Aquamachine_client/web/insertproduct.jsp</file>
            <file>file:/C:/Users/admin/OneDrive/Documents/NetBeansProjects/Aquamachine_client/web/insertoffer.jsp</file>
            <file>file:/C:/Users/admin/OneDrive/Documents/NetBeansProjects/Aquamachine_client/web/updateProduct.jsp</file>
            <file>file:/C:/Users/admin/OneDrive/Documents/NetBeansProjects/Aquamachine_client/web/updateoffer.jsp</file>
        </group>
    </open-files>
</project-private>
